N° emplacement;Nom du client;Prénom;Arrivée;Départ;Nb pers.;Type d'hébergement
214;Martin;Camille;05/09/2026;19/09/2026;4;Mobil-home 4 pers.
87;Lefèvre;Thomas;06/09/2026;13/09/2026;2;Emplacement nu
A12;D'Arcy;Sophie;07/09/2026;21/09/2026;5;Mobil-home 6 pers.
B03;Nguyen;Minh;08/09/2026;15/09/2026;3;Emplacement nu
115;Bouchard;;09/09/2026;16/09/2026;2;Tente
C21;Da Silva;Marco;12/09/2026;26/09/2026;4;Mobil-home 4 pers.
44;Weiss;Hannah;13/09/2026;20/09/2026;2;Emplacement nu
;Rousseau;Léa;10/09/2026;17/09/2026;3;Tente
198;Kaczmarek;Piotr;pas encore fixé;18/09/2026;4;Mobil-home 4 pers.
33;Ferreira;Ana;20/09/2026;14/09/2026;2;Emplacement nu
D07;O'Brien;Sean;14/09/2026;28/09/2026;6;Mobil-home 6 pers.
